task,epoch,class_name,GT_class_name,img_level_auroc,img_level_average_precision,pix_level_auroc,pix_level_average_precision,epoch_time,last
0,0,grid,grid,0.6541353383458647,0.756829470984555,0.3530647166518685,0.005132631280483483,2.3521,0
0,10,grid,grid,0.9114452798663325,0.9718443167181687,0.9288144376622446,0.24166317160213832,0.0986,0
0,20,grid,grid,0.7076023391812866,0.8674814384179117,0.8280108306267526,0.03188829249708963,0.0994,0
0,30,grid,grid,0.81203007518797,0.9358269745303003,0.9124946037100204,0.20718080443988196,0.1013,0
0,40,grid,grid,0.8036758563074352,0.9279184790227091,0.9105765196905837,0.20667485043998968,0.1116,0
0,50,grid,grid,0.7451963241436926,0.9031081322978172,0.9031212503930128,0.20005034784649728,0.1021,0
0,60,grid,grid,0.744360902255639,0.900282715303274,0.9138938947296028,0.1990409818023568,0.1024,0
0,70,grid,grid,0.7568922305764412,0.910457382070099,0.908118559170654,0.21634610069391452,0.0989,0
0,80,grid,grid,0.7719298245614036,0.9121231074927783,0.9095900492695073,0.2009593457111511,0.0987,0
0,90,grid,grid,0.7894736842105263,0.9238697990229519,0.9236027504290565,0.22109584290819567,0.0929,0
0,100,grid,grid,0.8270676691729324,0.9399833947206837,0.9287198684653977,0.233005878879888,0.1012,0
0,110,grid,grid,0.8036758563074353,0.932785521797481,0.9290822555842551,0.22771424644641736,0.214,0
0,120,grid,grid,0.8237259816207184,0.9355863979325396,0.9367711713798491,0.22906862835112604,0.0984,0
0,130,grid,grid,0.837092731829574,0.9411756384973773,0.936539568630705,0.23845773861118774,0.1135,0
0,140,grid,grid,0.835421888053467,0.9398252644519112,0.94217206046984,0.23373568572693848,0.1277,0
0,150,grid,grid,0.8320802005012532,0.9393508874470142,0.9307307606873529,0.2208495441110263,0.1059,0
0,160,grid,grid,0.8404344193817878,0.9404348944332532,0.9369395063128156,0.22598324745924747,0.1186,0
0,170,grid,grid,0.8571428571428572,0.9484988411638435,0.9427619262667503,0.23563655140226603,0.1114,0
0,180,grid,grid,0.832080200501253,0.939687058127677,0.9369874573526569,0.2326077788597946,0.1077,0
0,190,grid,grid,0.8964076858813701,0.9633069950219264,0.9523778339575685,0.24540414181840015,0.1074,0
0,200,grid,grid,0.847953216374269,0.9472417689286239,0.9435452412127164,0.23606890857585752,0.0994,0
0,210,grid,grid,0.8546365914786966,0.9508863654168442,0.9495080508445636,0.24405925339435317,0.1025,0
0,220,grid,grid,0.8680033416875522,0.9518545063543897,0.9404222298496856,0.227392407893727,0.098,0
0,230,grid,grid,0.8671679197994987,0.9536753583543702,0.9484879662071191,0.2368597261360193,0.0982,0
0,240,grid,grid,0.8613199665831245,0.9520635170876719,0.9445613494589875,0.2303129424792338,0.105,0
0,250,grid,grid,0.873015873015873,0.9555698699740602,0.9525144262798714,0.23983851538208992,0.1474,0
0,260,grid,grid,0.8696741854636593,0.9544436389336368,0.9478965985760375,0.23333182555401477,0.1075,0
0,263,grid,grid,0.8663324979114453,0.9535378394576712,0.9481618015586878,0.23397093650221606,0.0814,0
0,0,grid,grid,0.8663324979114453,0.9535378394576712,0.9481618015586878,0.23397093650221606,0,1
0,0,carpet,grid,0.9931781701444623,0.9981526590019837,0.98956764058123,0.5946600504975865,0,1
0,0,carpet,carpet,0.9835473515248796,0.9952344584002213,0.983759869478367,0.49558565552982736,0.2553,0
0,10,carpet,carpet,0.9931781701444623,0.9981204720813118,0.9901035211638506,0.6139863339799708,0.1298,0
0,20,carpet,carpet,0.9899678972712681,0.9974759849087838,0.9904697768596981,0.6129549678140798,0.1485,0
0,30,carpet,carpet,0.9895666131621188,0.9973981080051296,0.9906001663501676,0.6188702582738949,0.1258,0
0,40,carpet,carpet,0.989967897271268,0.9975250720018701,0.9906985318360167,0.618864165048778,0.1275,0
0,50,carpet,carpet,0.9895666131621188,0.9974485554384251,0.9906973478776142,0.6145212602609644,0.1298,0
0,60,carpet,carpet,0.989967897271268,0.9975250720018701,0.9908858119773999,0.6204214337785077,0.1336,0
0,70,carpet,carpet,0.989967897271268,0.9975250720018701,0.9908497479576718,0.6167212359267501,0.1467,0
0,80,carpet,carpet,0.9899678972712681,0.9974759849087838,0.9908282907309128,0.6167196242449791,0.1476,0
0,90,carpet,carpet,0.988362760834671,0.9970760814704456,0.9908152701702068,0.6212254271901314,0.2388,0
0,100,carpet,carpet,0.9911717495987159,0.9977181503775978,0.9908508696162792,0.6211241336963496,0.1308,0
0,110,carpet,carpet,0.9919743178170144,0.9978498328530635,0.9910549205006639,0.6310225882384196,0.1234,0
0,120,carpet,carpet,0.9911717495987159,0.9976777215952143,0.9910253499264541,0.6295294649503858,0.1267,0
0,130,carpet,carpet,0.9907704654895667,0.9975563382583279,0.9910100668548204,0.6285315949497958,0.129,0
0,140,carpet,carpet,0.9911717495987159,0.9976415933388527,0.9910455756386788,0.6297807573439038,0.1244,0
0,150,carpet,carpet,0.9919743178170144,0.9978498328530635,0.9910121828232757,0.626530023308449,0.1239,0
0,160,carpet,carpet,0.9903691813804174,0.9974726404063587,0.990978898523467,0.6237867031156329,0.1276,0
0,170,carpet,carpet,0.9899678972712681,0.9973904575028172,0.9911164341259053,0.6295088087980045,0.1242,0
0,180,carpet,carpet,0.9895666131621187,0.9972717275111024,0.9910271809411981,0.6288505397888017,0.1309,0
0,190,carpet,carpet,0.9895666131621187,0.9972717275111024,0.9909999063646078,0.626754068964666,0.1456,0
0,200,carpet,carpet,0.9895666131621187,0.9972717275111024,0.9911177018988359,0.6289551919890265,0.1292,0
0,210,carpet,carpet,0.9899678972712681,0.9973904575028172,0.9910529855799179,0.6277065416044212,0.1556,0
0,220,carpet,carpet,0.9887640449438201,0.99711174494583,0.9910404440553037,0.62576805795245,0.1424,0
0,230,carpet,carpet,0.9891653290529695,0.9971910187927532,0.9909955284918447,0.6243490311209902,0.131,0
0,240,carpet,carpet,0.9891653290529695,0.9971910187927532,0.9910531362227096,0.6256903752872469,0.1334,0
0,250,carpet,carpet,0.9887640449438203,0.9971525980338906,0.9911289127215703,0.6288023035750051,0.1582,0
0,260,carpet,carpet,0.9903691813804173,0.9975118408397037,0.9910982337613845,0.6282898952713258,0.12,0
0,270,carpet,carpet,0.9895666131621188,0.997309748784468,0.9911262315102668,0.6283075725627912,0.1345,0
0,279,carpet,carpet,0.9903691813804174,0.997555258755707,0.9912247727365754,0.6313449001522402,0.0761,0
0,0,grid,carpet,0.7777777777777778,0.9087995672972708,0.7643256183354877,0.12620599585647457,0,1
0,0,carpet,carpet,0.9903691813804174,0.997555258755707,0.9912247727365754,0.6313449001522402,0,1
0,0,cable,carpet,0.4508995502248876,0.58310435322121,0.679772535868302,0.04887722280775666,0,1
0,0,cable,cable,0.4936281859070465,0.6455317967355624,0.6406119727302159,0.053817897688788204,0.2384,0
0,10,cable,cable,0.6566716641679161,0.7931041662879648,0.8033475948433558,0.13229714468944423,0.1221,0
0,20,cable,cable,0.6729760119940029,0.8025925882662145,0.8165019827473713,0.14874612483273417,0.1211,0
0,30,cable,cable,0.6761619190404797,0.8096406452874179,0.8226871502772831,0.15104890161143425,0.1246,0
0,40,cable,cable,0.6784107946026986,0.8116341031718023,0.8231932264297321,0.149897767881479,0.1234,0
0,50,cable,cable,0.6422413793103448,0.7929714763466458,0.8278532189361412,0.1433714179058898,0.1206,0
0,60,cable,cable,0.6769115442278859,0.8158340343426069,0.8477429122184574,0.15492430929231818,0.1187,0
0,70,cable,cable,0.6984632683658172,0.8241993122561545,0.8953529176391116,0.2385487449690506,0.1161,0
0,80,cable,cable,0.7841079460269865,0.8757458775686724,0.8980546837512995,0.274331995690501,0.1199,0
0,90,cable,cable,0.7471889055472264,0.8563043372803223,0.9010744731386459,0.26104942750019433,0.1203,0
0,100,cable,cable,0.7747376311844077,0.870745462918784,0.9047248054192012,0.27835419613166246,0.1176,0
0,110,cable,cable,0.6842203898050974,0.806528290722863,0.8966906348062558,0.2331900221398168,0.1227,0
0,120,cable,cable,0.7597451274362819,0.8599667804980893,0.906735027511263,0.28382569274376346,0.1227,0
0,130,cable,cable,0.7743628185907047,0.8694067686865261,0.9102783111505088,0.29824345722379464,0.1416,0
0,140,cable,cable,0.7681784107946027,0.8622655893239882,0.9071887264880744,0.2714023086705842,0.1189,0
0,150,cable,cable,0.784295352323838,0.8743335004928919,0.9074474432842377,0.26885582012056436,0.1197,0
0,160,cable,cable,0.6212518740629686,0.7705161414807087,0.8962655223665112,0.22560154419513098,0.1264,0
0,170,cable,cable,0.8069715142428785,0.8862069866837606,0.9170669332744615,0.331753349695708,0.1194,0
0,180,cable,cable,0.8446401799100449,0.9093675814195995,0.9200010608592466,0.3304446299513872,0.1237,0
0,190,cable,cable,0.8562593703148426,0.9156251674462791,0.9217455916466837,0.35613934967352345,0.1503,0
0,200,cable,cable,0.7966641679160419,0.880114969402098,0.9172407267642657,0.31496246531997973,0.1227,0
0,210,cable,cable,0.8167166416791605,0.8913934711353471,0.9191481759225134,0.3233270714465918,0.1257,0
0,220,cable,cable,0.7721139430284857,0.8683866934627162,0.9165256324328366,0.3182868472418365,0.1208,0
0,223,cable,cable,0.845952023988006,0.9088302228349139,0.9214682293811658,0.33106576936925136,0.0735,0
0,0,grid,cable,0.6775271512113618,0.7975112057202397,0.3557713122945729,0.00552446810485277,0,1
0,0,carpet,cable,0.988362760834671,0.9965201184667956,0.9742610800877997,0.47269932993904384,0,1
0,0,cable,cable,0.845952023988006,0.9088302228349139,0.9214682293811658,0.33106576936925136,0,1
0,0,zipper,cable,0.3508403361344538,0.7431119551926706,0.8660166279458362,0.09935136232371121,0,1
0,0,zipper,zipper,0.648109243697479,0.8786046162441477,0.8174857015761675,0.0849542252132085,1.6127,0
0,10,zipper,zipper,0.694327731092437,0.9030213067161101,0.8914109323481487,0.16330421592662347,0.0931,0
0,20,zipper,zipper,0.73109243697479,0.9154482496062546,0.9218103809896916,0.22841782510363426,0.1053,0
0,30,zipper,zipper,0.729779411764706,0.9123047316068182,0.9199042408296763,0.21705893514381613,0.0993,0
0,40,zipper,zipper,0.7644432773109243,0.9227911529784919,0.9377564339737262,0.25879830881054694,0.0963,0
0,50,zipper,zipper,0.7964810924369747,0.9339042175145468,0.9453719285248462,0.29380236237392143,0.0955,0
0,60,zipper,zipper,0.8117121848739496,0.9383019623023711,0.9507933954180003,0.31662063194326456,0.0984,0
0,70,zipper,zipper,0.8106617647058824,0.9359656327546807,0.9459923563426615,0.3018355440567875,0.0958,0
0,80,zipper,zipper,0.80015756302521,0.9370373503868625,0.9386913517239467,0.273976803820064,0.0947,0
0,90,zipper,zipper,0.835609243697479,0.9426803935482058,0.9499900327481429,0.3188360917905234,0.0951,0
0,100,zipper,zipper,0.7662815126050421,0.9245268048408075,0.9383213703683263,0.2734720016677657,0.098,0
0,110,zipper,zipper,0.8445378151260503,0.9461425517498436,0.9517952946381741,0.3217240855723492,0.0962,0
0,120,zipper,zipper,0.8413865546218487,0.9463350884431202,0.9495247494465885,0.3132901141548919,0.0969,0
0,130,zipper,zipper,0.8266806722689075,0.9403830250507859,0.9516150260789972,0.32881697027843004,0.1007,0
0,140,zipper,zipper,0.8621323529411765,0.95247746462728,0.951099800847721,0.3202510489863271,0.0983,0
0,150,zipper,zipper,0.8673844537815125,0.9527108121749168,0.9506435439218929,0.31089306702582337,0.0955,0
0,160,zipper,zipper,0.8245798319327731,0.9395006256088995,0.9500273816689789,0.31542870378192883,0.0937,0
0,170,zipper,zipper,0.7938550420168067,0.9304390218690594,0.9415904615717385,0.2798722230579953,0.1051,0
0,180,zipper,zipper,0.8258928571428572,0.9388259257624305,0.9496682128836608,0.3024246924913742,0.1022,0
0,190,zipper,zipper,0.8384978991596639,0.9437790935870534,0.9548171962744915,0.3146744082392363,0.1046,0
0,200,zipper,zipper,0.8684348739495799,0.9596297701888687,0.8122703629936915,0.27084739080979636,0.0949,0
0,210,zipper,zipper,0.8828781512605042,0.9632481889103901,0.9595208098428362,0.39255874545688396,0.098,0
0,220,zipper,zipper,0.8841911764705882,0.962608030492049,0.9605279275746618,0.4046906617147426,0.1002,0
0,230,zipper,zipper,0.8949579831932774,0.9671793402156715,0.9598321177283499,0.4062001440608123,0.1031,0
0,239,zipper,zipper,0.8894432773109244,0.9650132362487687,0.9604980137078587,0.40612837811484925,0.0757,0
0,0,grid,zipper,0.6491228070175439,0.8330536685746441,0.5020867443263227,0.0075726127906597974,0,1
0,0,carpet,zipper,0.7740770465489567,0.9303340746413273,0.9114166406192862,0.2931852920566019,0,1
0,0,cable,zipper,0.5419790104947526,0.6848356327231238,0.6711032268031867,0.0655837839589949,0,1
0,0,zipper,zipper,0.8894432773109244,0.9650132362487687,0.9604980137078587,0.40612837811484925,0,1
0,0,wood,zipper,0.9675438596491228,0.9905410280501991,0.8454282719951118,0.3527720588761197,0,1
0,0,wood,wood,0.9894736842105263,0.9968721893244833,0.873198856359592,0.36793679430312953,0.2356,0
0,10,wood,wood,0.9938596491228069,0.9982455148499926,0.9489215776261536,0.4845232769157519,0.1228,0
0,20,wood,wood,0.9947368421052631,0.9984731934731935,0.9452063879254712,0.4753722812492611,0.1219,0
0,30,wood,wood,0.9947368421052631,0.9984731934731935,0.9447226188270981,0.47467402367209055,0.1211,0
0,40,wood,wood,0.9947368421052631,0.9984731934731935,0.9405465834329968,0.45443363444458185,0.1229,0
0,50,wood,wood,0.9956140350877194,0.9987079326923077,0.9437681003521962,0.4694275728051858,0.1191,0
0,60,wood,wood,0.9947368421052631,0.9984731934731935,0.945546536411939,0.4709355853347834,0.1212,0
0,70,wood,wood,0.9947368421052631,0.9984731934731935,0.9448172383784053,0.47546119775531975,0.1194,0
0,80,wood,wood,0.9947368421052631,0.9984731934731935,0.943974485652805,0.4672613888361936,0.1189,0
0,90,wood,wood,0.9947368421052631,0.9984731934731935,0.9445494292801347,0.47124422989377923,0.1118,0
0,100,wood,wood,0.9947368421052631,0.9984731934731935,0.9443136591875141,0.47138389590821755,0.1206,0
0,110,wood,wood,0.9947368421052631,0.9984731934731935,0.9420801334889284,0.4700904282697442,0.1225,0
0,120,wood,wood,0.9947368421052631,0.9984731934731935,0.9450403201317716,0.4734954936791375,0.1208,0
0,130,wood,wood,0.9947368421052631,0.9984731934731935,0.943768567793978,0.4669985943816738,0.135,0
0,140,wood,wood,0.9947368421052631,0.9984731934731935,0.9426083564052334,0.46123825524326434,0.1314,0
0,150,wood,wood,0.9947368421052631,0.9984731934731935,0.946782874635337,0.474797569994432,0.123,0
0,160,wood,wood,0.9947368421052631,0.9984731934731935,0.944572168081772,0.4670396259637576,0.122,0
0,170,wood,wood,0.9947368421052631,0.9984731934731935,0.9458210424049792,0.476789846343515,0.128,0
0,180,wood,wood,0.9947368421052631,0.9984731934731935,0.9456099115688273,0.4736168792804737,0.1188,0
0,190,wood,wood,0.9947368421052631,0.9984731934731935,0.9443954134290471,0.47811939383457386,0.1199,0
0,200,wood,wood,0.9947368421052631,0.9984731934731935,0.9445587560134012,0.4743472302784044,0.1394,0
0,210,wood,wood,0.9947368421052631,0.9984731934731935,0.9473403960512154,0.47507140318893554,0.1238,0
0,220,wood,wood,0.9947368421052631,0.9984731934731935,0.9451809570407154,0.4654208303778467,0.1957,0
0,230,wood,wood,0.9956140350877194,0.9987079326923077,0.9437138692277763,0.4704595882117289,0.1251,0
0,240,wood,wood,0.9947368421052631,0.9984731934731935,0.9462823637855555,0.4667338988776314,0.1397,0
0,246,wood,wood,0.9956140350877194,0.9987079326923077,0.9470175280733986,0.47478249572985864,0.0716,0
0,0,grid,wood,0.6791979949874687,0.8521350635117348,0.5929557682770706,0.04285053730257514,0,1
0,0,carpet,wood,0.9803370786516854,0.9945496579824243,0.9820045768125746,0.5144110268586358,0,1
0,0,cable,wood,0.5073088455772115,0.6340483182750507,0.6689608544036136,0.05728987152590094,0,1
0,0,zipper,wood,0.7077205882352942,0.9073234199200245,0.856766442478735,0.14580755845969667,0,1
0,0,wood,wood,0.9956140350877194,0.9987079326923077,0.9470175280733986,0.47478249572985864,0,1
0,0,tile,wood,0.9823232323232324,0.993292457214265,0.8545412376364097,0.3331033095857358,0,1
0,0,tile,tile,0.987012987012987,0.9953105029201472,0.8621190254103466,0.3470278205083705,0.2531,0
0,10,tile,tile,0.9978354978354979,0.9991739851635532,0.9489761335441069,0.47144004011641716,0.1112,0
0,20,tile,tile,0.9985569985569985,0.9994557645419713,0.9519806852196028,0.47987224187394134,0.1132,0
0,30,tile,tile,0.9996392496392497,0.9998591103107908,0.9525656946369081,0.48035897354404766,0.1094,0
0,40,tile,tile,0.9992784992784993,0.999721516513582,0.9527916019422316,0.480518966053239,0.1072,0
0,50,tile,tile,0.9992784992784993,0.999721516513582,0.9522318875009008,0.47728784695468496,0.1104,0
0,60,tile,tile,0.9996392496392497,0.9998591103107908,0.9536054855172469,0.484989349250989,0.1152,0
0,70,tile,tile,0.9996392496392497,0.9998591103107908,0.9527255920257,0.48221722260295585,0.1445,0
0,80,tile,tile,0.9996392496392497,0.9998591103107908,0.953047766332221,0.48049801588146696,0.1144,0
0,90,tile,tile,1.0,0.9999999999999998,0.9533640296050209,0.4868323002975969,0.1091,0
0,100,tile,tile,0.9992784992784993,0.999721516513582,0.9528168373432067,0.4822447662655798,0.1164,0
0,110,tile,tile,0.9992784992784993,0.999721516513582,0.9522555236179026,0.47861930909514827,0.1219,0
0,120,tile,tile,0.9992784992784993,0.999721516513582,0.9528487747503509,0.48031761971320414,0.1121,0
0,130,tile,tile,0.9992784992784993,0.999721516513582,0.9524699070465195,0.4804668636450779,0.1212,0
0,140,tile,tile,0.9992784992784993,0.999721516513582,0.952528384968651,0.4805882469692795,0.1103,0
0,150,tile,tile,0.9992784992784993,0.999721516513582,0.9529421024589108,0.4801828270652938,0.1108,0
0,160,tile,tile,0.9992784992784993,0.999721516513582,0.9522991338885505,0.4785120894086975,0.1156,0
0,170,tile,tile,0.9992784992784993,0.999721516513582,0.953563931136014,0.4830719286486359,0.1108,0
0,180,tile,tile,0.9992784992784993,0.999721516513582,0.9523868404483187,0.4784071192774753,0.1113,0
0,190,tile,tile,0.9996392496392497,0.9998591103107908,0.9530923845191742,0.48352909666140226,0.1039,0
0,200,tile,tile,0.9992784992784993,0.999721516513582,0.9531608975052899,0.48313808171244854,0.11,0
0,210,tile,tile,0.9996392496392497,0.9998591103107908,0.9528944683292704,0.4803708396143608,0.1197,0
0,220,tile,tile,0.9996392496392497,0.9998591103107908,0.9534968169984281,0.48390018093328646,0.1529,0
0,229,tile,tile,0.9992784992784993,0.999721516513582,0.9536289884003529,0.48504700388170785,0.0701,0
0,0,grid,tile,0.7543859649122807,0.8773792921949388,0.46662937243998737,0.0193249556087493,0,1
0,0,carpet,tile,0.9867576243980738,0.9964524265164793,0.9793373302518652,0.47909037442539537,0,1
0,0,cable,tile,0.5447901049475262,0.7103158947830516,0.6358814751129241,0.05978217196709353,0,1
0,0,zipper,tile,0.5688025210084033,0.8457748437593458,0.6669921708533306,0.03515627730039391,0,1
0,0,wood,tile,0.9982456140350877,0.9994579587519833,0.9003960159226035,0.3383868688755596,0,1
0,0,tile,tile,0.9992784992784993,0.999721516513582,0.9536289884003529,0.48504700388170785,0,1
0,0,metal_nut,tile,0.2565982404692082,0.6853659111401471,0.6696009606490034,0.17054127341296466,0,1
0,0,metal_nut,metal_nut,0.2839687194525904,0.6908235964809245,0.6859139514056517,0.17989124377160354,0.211,0
0,10,metal_nut,metal_nut,0.6119257086999023,0.8810566122355634,0.82242326378372,0.3598253834176308,0.1151,0
0,20,metal_nut,metal_nut,0.6432062561094819,0.892958466558408,0.8462007585542188,0.38994613442211007,0.0991,0
0,30,metal_nut,metal_nut,0.6769305962854351,0.9095145413747144,0.8625105658604275,0.4303281972940565,0.0954,0
0,40,metal_nut,metal_nut,0.7404692082111437,0.932097510614025,0.8592001549298312,0.4358763208525082,0.1077,0
0,50,metal_nut,metal_nut,0.7282502443792767,0.9265598013349056,0.8621623143076809,0.42436733409265154,0.1093,0
0,60,metal_nut,metal_nut,0.7238514173998045,0.9227562487015769,0.8643470008253699,0.41307730614396077,0.1151,0
0,70,metal_nut,metal_nut,0.727761485826002,0.9257159095006046,0.8646206425715026,0.4039172454655854,0.0953,0
0,80,metal_nut,metal_nut,0.7727272727272727,0.9380128348212259,0.8682069019482197,0.4307973527562041,0.1122,0
0,90,metal_nut,metal_nut,0.7424242424242423,0.928790128884073,0.8740262043507366,0.4105410682263319,0.0981,0
0,100,metal_nut,metal_nut,0.7605083088954058,0.9347502112579722,0.874402595588715,0.41226297259038697,0.0977,0
0,110,metal_nut,metal_nut,0.7839687194525904,0.9457518147689896,0.8913160516548261,0.46974606606898417,0.0991,0
0,120,metal_nut,metal_nut,0.7956989247311828,0.9496589240011126,0.8844687986231063,0.44777929762092505,0.1,0
0,130,metal_nut,metal_nut,0.7795698924731183,0.943391586574893,0.8824952420394158,0.4367769824672937,0.0999,0
0,140,metal_nut,metal_nut,0.7913000977517106,0.9453026166899776,0.8825797311762877,0.42965978995292375,0.1005,0
0,150,metal_nut,metal_nut,0.8059628543499512,0.9506469954687367,0.8854665614305388,0.44109952196540714,0.0978,0
0,160,metal_nut,metal_nut,0.8426197458455523,0.961214030789872,0.8816832710001965,0.4283804288868307,0.1022,0
0,170,metal_nut,metal_nut,0.8250244379276637,0.9571444230932349,0.8993558293734522,0.4661845802808015,0.1026,0
0,180,metal_nut,metal_nut,0.8025415444770284,0.9504245958215616,0.8974948869996706,0.4680376948664657,0.1178,0
0,190,metal_nut,metal_nut,0.729227761485826,0.9183790005290181,0.8790978214085151,0.4068227971438405,0.0953,0
0,200,metal_nut,metal_nut,0.8010752688172044,0.9489232482478054,0.8894856464750474,0.44706604502573394,0.1067,0
0,210,metal_nut,metal_nut,0.8592375366568915,0.9647876912742884,0.8963087602226657,0.46014122448174843,0.1022,0
0,219,metal_nut,metal_nut,0.8025415444770284,0.9468851266127867,0.8983148477897318,0.4614293916240359,0.078,0
0,0,grid,metal_nut,0.7836257309941521,0.9187871455694279,0.24250104439290307,0.004316339784218012,0,1
0,0,carpet,metal_nut,0.8394863563402889,0.9521134083632357,0.9028630574690765,0.29890349593604215,0,1
0,0,cable,metal_nut,0.5687781109445278,0.7436728468127487,0.6633785369419608,0.0867496980594456,0,1
0,0,zipper,metal_nut,0.3715861344537815,0.775597779466014,0.820738617648052,0.06650560687121643,0,1
0,0,wood,metal_nut,0.993859649122807,0.9980371504861693,0.888486405732828,0.31478146061484436,0,1
0,0,tile,metal_nut,0.8896103896103895,0.9589317745750445,0.7473013471350969,0.21454978832918256,0,1
0,0,metal_nut,metal_nut,0.8025415444770284,0.9468851266127867,0.8983148477897318,0.4614293916240359,0,1
0,0,transistor,metal_nut,0.25833333333333336,0.2779917707467651,0.49053498186363814,0.05010871355975364,0,1
0,0,transistor,transistor,0.3420833333333333,0.30871559019060263,0.503345763997911,0.052776977657428954,0.2382,0
0,10,transistor,transistor,0.5195833333333334,0.521906931105286,0.7535719096497364,0.12592754297853775,0.1277,0
0,20,transistor,transistor,0.5266666666666666,0.5528082201607948,0.8162587042450028,0.16881484826608462,0.1315,0
0,30,transistor,transistor,0.5445833333333334,0.5658631559927628,0.8419725565069194,0.20175749948392077,0.1505,0
0,40,transistor,transistor,0.6224999999999999,0.621526281413582,0.8698348248223845,0.2578510572003724,0.1216,0
0,50,transistor,transistor,0.6499999999999999,0.6530416882082661,0.8768918769577496,0.278472641297847,0.1395,0
0,60,transistor,transistor,0.6466666666666667,0.6657304170010381,0.8715359001338105,0.24968071048070742,0.1429,0
0,70,transistor,transistor,0.7145833333333333,0.7403894985532488,0.8956657386942994,0.3392109021291777,0.1331,0
0,80,transistor,transistor,0.7050000000000001,0.7455691519244089,0.895499282335052,0.33488836751641254,0.1271,0
0,90,transistor,transistor,0.7229166666666668,0.751550276439865,0.8973171941402481,0.3304093087106686,0.1298,0
0,100,transistor,transistor,0.7320833333333334,0.7552413676713904,0.9104812979539301,0.3690656321229606,0.1237,0
0,110,transistor,transistor,0.7266666666666666,0.7268474367306694,0.9063942173823402,0.38209357901288876,0.1307,0
0,120,transistor,transistor,0.79625,0.799953929063657,0.9241766682426278,0.4359810634739543,0.1212,0
0,130,transistor,transistor,0.7133333333333334,0.7244770073336034,0.8928318698230138,0.30784440587972817,0.127,0
0,140,transistor,transistor,0.7625,0.7783284750041166,0.9147919277965649,0.4105409791182129,0.1231,0
0,150,transistor,transistor,0.8058333333333334,0.8242358383276172,0.9254903266527688,0.44412364498624024,0.1192,0
0,160,transistor,transistor,0.8337500000000001,0.8440973935429907,0.934331138770619,0.48804170321659324,0.1235,0
0,170,transistor,transistor,0.8416666666666667,0.8508813275709214,0.9356142742465691,0.4937556757191324,0.1287,0
0,180,transistor,transistor,0.8179166666666666,0.820724769458509,0.9320238385107079,0.4528264446718988,0.132,0
0,190,transistor,transistor,0.8645833333333333,0.8675486032767865,0.9425312865390658,0.519225480826742,0.1238,0
0,200,transistor,transistor,0.8424999999999999,0.8445047844642539,0.9339353125519952,0.4730483338048226,0.1331,0
0,210,transistor,transistor,0.8641666666666665,0.8811787790263643,0.9392811732079149,0.5194852525752721,0.1321,0
0,212,transistor,transistor,0.8712500000000001,0.8816573527494652,0.9401546972485514,0.5196661482088095,0.0809,0
0,0,grid,transistor,0.6716791979949874,0.860653771651356,0.32412433253459305,0.011394449613410414,0,1
0,0,carpet,transistor,0.6292134831460674,0.8649763437679887,0.7770676651493448,0.19167155445048698,0,1
0,0,cable,transistor,0.5249250374812594,0.6810032553565397,0.4242261910695099,0.03141981180607017,0,1
0,0,zipper,transistor,0.7035189075630253,0.9017655052178657,0.6279395722213331,0.04403381975587346,0,1
0,0,wood,transistor,0.9719298245614035,0.9919462230025419,0.8734973181896756,0.3135979135605021,0,1
0,0,tile,transistor,0.8914141414141414,0.957066022345906,0.620246024945721,0.15277337591939216,0,1
0,0,metal_nut,transistor,0.43010752688172044,0.7887279895767072,0.6820649706015915,0.17928952630351425,0,1
0,0,transistor,transistor,0.8712500000000001,0.8816573527494652,0.9401546972485514,0.5196661482088095,0,1
0,0,bottle,transistor,0.2976190476190476,0.6586777649848345,0.3147892222207442,0.04041726002079721,0,1
0,0,bottle,bottle,0.37857142857142856,0.6903184952268715,0.34756705400253185,0.04547786684898275,0.2283,0
0,10,bottle,bottle,0.9563492063492065,0.9868472928561018,0.9608412527097684,0.6423990679337029,0.1105,0
0,20,bottle,bottle,0.9595238095238096,0.9877850750116786,0.9685412600039394,0.664209586108261,0.1078,0
0,30,bottle,bottle,0.957936507936508,0.9873121630853037,0.9714062961815981,0.674588187860305,0.11,0
0,40,bottle,bottle,0.9595238095238097,0.9877623987152249,0.9725152796960165,0.6757874689767394,0.1057,0
0,50,bottle,bottle,0.961904761904762,0.9885184680498584,0.974846617466218,0.6900056552818677,0.1111,0
0,60,bottle,bottle,0.9611111111111111,0.9882101519546029,0.974004144733376,0.6845702837376499,0.1091,0
0,70,bottle,bottle,0.965873015873016,0.989701504700673,0.9753157628153264,0.6978965889939586,0.1045,0
0,80,bottle,bottle,0.9666666666666668,0.9899425518216778,0.9755831595159926,0.7020327640957114,0.1143,0
0,90,bottle,bottle,0.9650793650793652,0.989520902947916,0.976251322074585,0.7023309643770291,0.1086,0
0,100,bottle,bottle,0.9722222222222223,0.9916253970746953,0.9744279875016686,0.6999587859980143,0.114,0
0,110,bottle,bottle,0.9714285714285715,0.9914077259562937,0.9752249071929967,0.7012359351275737,0.1226,0
0,120,bottle,bottle,0.9738095238095239,0.9920545213831082,0.9766410608975934,0.7074303302981698,0.106,0
0,130,bottle,bottle,0.9722222222222222,0.9916771501066417,0.9759226236992472,0.70738554803663,0.1118,0
0,140,bottle,bottle,0.9777777777777777,0.9933962840911179,0.975328440434326,0.7010882185374787,0.1078,0
0,150,bottle,bottle,0.984920634920635,0.9955942993394336,0.9764839216126495,0.7034541963301556,0.1102,0
0,160,bottle,bottle,0.9841269841269842,0.995286113559869,0.9756855463362272,0.7067147722500242,0.134,0
0,170,bottle,bottle,0.9833333333333334,0.9951050807642834,0.975623917971758,0.7094305679694406,0.1228,0
0,180,bottle,bottle,0.9841269841269841,0.9953081386587825,0.9767503324089545,0.7112752568714166,0.135,0
0,190,bottle,bottle,0.9777777777777779,0.9933510037546986,0.977602293354918,0.7114335913157473,0.1059,0
0,200,bottle,bottle,0.9793650793650794,0.9939281150560155,0.977000292476711,0.7125775355762752,0.1022,0
0,208,bottle,bottle,0.9888888888888889,0.9967692409383371,0.977112268571864,0.7113341369060074,0.0772,0
0,0,grid,bottle,0.7443609022556391,0.8812085781280028,0.3195301745622227,0.00485733817646974,0,1
0,0,carpet,bottle,0.47150882825040125,0.7766647775529109,0.6328938497449963,0.0249076221775607,0,1
0,0,cable,bottle,0.5168665667166417,0.6404370726172269,0.6116991166147607,0.06662280849879784,0,1
0,0,zipper,bottle,0.3910189075630252,0.7725900030756099,0.686382306096357,0.034634933530705785,0,1
0,0,wood,bottle,0.8192982456140351,0.923301548136554,0.6866198560064254,0.09514605139937654,0,1
0,0,tile,bottle,0.777056277056277,0.911140984548545,0.4871983787458203,0.07988032272254686,0,1
0,0,metal_nut,bottle,0.555229716520039,0.8612658749181898,0.6213126103044361,0.17163900977220084,0,1
0,0,transistor,bottle,0.48250000000000004,0.40059049114910905,0.41165795337349986,0.03821439691890863,0,1
0,0,bottle,bottle,0.9888888888888889,0.9967692409383371,0.977112268571864,0.7113341369060074,0,1
0,0,leather,bottle,0.461616847826087,0.7407257711651957,0.6066197782788963,0.012988181201427714,0,1
0,0,leather,leather,0.5091711956521738,0.8005437221218485,0.7053421745418177,0.027237288897273088,0.2001,0
0,10,leather,leather,1.0,1.0000000000000002,0.9927055878841788,0.4565206731364073,0.1129,0
0,20,leather,leather,1.0,1.0000000000000002,0.9930030367411629,0.4626631441631364,0.1185,0
0,30,leather,leather,1.0,1.0000000000000002,0.9931244795070907,0.46489813280713155,0.1212,0
0,40,leather,leather,1.0,1.0000000000000002,0.9931759298685228,0.46515247560426626,0.1196,0
0,50,leather,leather,1.0,1.0000000000000002,0.9930758260340286,0.46238675774646154,0.1121,0
0,60,leather,leather,1.0,1.0000000000000002,0.9931867378519061,0.4655581102763129,0.1167,0
0,70,leather,leather,1.0,1.0000000000000002,0.99317918927261,0.46556701426708974,0.1149,0
0,80,leather,leather,1.0,1.0000000000000002,0.9931370110195888,0.4643256121315842,0.1175,0
0,90,leather,leather,1.0,1.0000000000000002,0.9931186185860061,0.4639928476067386,0.116,0
0,100,leather,leather,1.0,1.0000000000000002,0.9931455675467222,0.4639440373060725,0.1218,0
0,110,leather,leather,1.0,1.0000000000000002,0.9931515511565802,0.4643004010263017,0.1315,0
0,120,leather,leather,1.0,1.0000000000000002,0.9931675359719926,0.4646874184288357,0.1401,0
0,130,leather,leather,1.0,1.0000000000000002,0.9930163115075014,0.4600291880435142,0.1216,0
0,140,leather,leather,1.0,1.0000000000000002,0.9931398243435954,0.4637353497612321,0.1493,0
0,150,leather,leather,1.0,1.0000000000000002,0.9930271651320122,0.46018728832480643,0.1228,0
0,160,leather,leather,1.0,1.0000000000000002,0.9929860242563178,0.45937232154384267,0.1526,0
0,170,leather,leather,1.0,1.0000000000000002,0.9929523900040519,0.45871063213083835,0.1162,0
0,180,leather,leather,1.0,1.0000000000000002,0.9929951925112959,0.4595993012171541,0.1194,0
0,190,leather,leather,1.0,1.0000000000000002,0.993141360847711,0.46326604829180595,0.1466,0
0,200,leather,leather,1.0,1.0000000000000002,0.9930288961290377,0.4602480025120874,0.1185,0
0,210,leather,leather,1.0,1.0000000000000002,0.9930450528739074,0.4606100109759616,0.1169,0
0,220,leather,leather,1.0,1.0000000000000002,0.993194997918179,0.46409068677853743,0.122,0
0,230,leather,leather,1.0,1.0000000000000002,0.993036062391822,0.4602228903097479,0.119,0
0,240,leather,leather,1.0,1.0000000000000002,0.9930053556676677,0.4595991796248305,0.1219,0
0,244,leather,leather,1.0,1.0000000000000002,0.9930515011225973,0.46104323594925367,0.0783,0
0,0,grid,leather,0.7627401837928154,0.8795752764731313,0.6201187023117324,0.054080874364576245,0,1
0,0,carpet,leather,0.9903691813804173,0.9973236216722103,0.982993174966052,0.5294511351358062,0,1
0,0,cable,leather,0.44677661169415295,0.5966233968431707,0.5667203020124765,0.04661559650652022,0,1
0,0,zipper,leather,0.6439075630252101,0.8868441501513923,0.732212585347925,0.053206250102985374,0,1
0,0,wood,leather,0.9982456140350877,0.9994579587519833,0.9146097708097038,0.38438691785025475,0,1
0,0,tile,leather,0.9945887445887445,0.9979564896415423,0.8998981351357681,0.3724316598826698,0,1
0,0,metal_nut,leather,0.32404692082111436,0.7155193565568688,0.786525867612664,0.24298381368631455,0,1
0,0,transistor,leather,0.4625,0.40550153403968975,0.5736363089617661,0.06344322206890937,0,1
0,0,bottle,leather,0.5492063492063491,0.8033532874960274,0.48106479788881223,0.0595905957117119,0,1
0,0,leather,leather,1.0,1.0000000000000002,0.9930515011225973,0.46104323594925367,0,1
0,0,pill,leather,0.6475722858701581,0.9130031876778318,0.7053218894894537,0.060773783936456965,0,1
0,0,pill,pill,0.616748499727223,0.9078819318799993,0.7176209006789058,0.0672598637518804,0.2266,0
0,10,pill,pill,0.660392798690671,0.9201823520428126,0.8648501193224942,0.14787985126389133,0.1074,0
0,20,pill,pill,0.6587561374795419,0.9183350683773239,0.905025006535192,0.20407946140031688,0.1204,0
0,30,pill,pill,0.6753955264593562,0.924607179087286,0.9179592225257336,0.23581266621411104,0.1071,0
0,40,pill,pill,0.6955810147299508,0.9324645862854389,0.9137092229579824,0.23450244187107833,0.1295,0
0,50,pill,pill,0.712493180578287,0.9360474796666243,0.9235602069849586,0.2693917111698861,0.1093,0
0,60,pill,pill,0.7231314784506273,0.9376165226303569,0.931437386191819,0.3103595478223407,0.1178,0
0,70,pill,pill,0.7124931805782869,0.9348291402037859,0.9324139693587337,0.3286569223232418,0.1465,0
0,80,pill,pill,0.7187670485542824,0.9381181595196688,0.9221045406117127,0.2807294286540611,0.104,0
0,90,pill,pill,0.7165848336061101,0.9380311688736589,0.9208581975732806,0.2782845789570322,0.1011,0
0,100,pill,pill,0.7315875613747954,0.942093655041372,0.9217410619832042,0.32039107429577524,0.111,0
0,110,pill,pill,0.726404800872886,0.9395535333163182,0.9273941268055055,0.3435854690812112,0.1098,0
0,120,pill,pill,0.7272231314784505,0.9415202142037976,0.9342285412379708,0.3589785825750513,0.1107,0
0,130,pill,pill,0.7315875613747953,0.9425739275929343,0.9224697450952012,0.34182597342138776,0.1098,0
0,140,pill,pill,0.7337697763229678,0.9432109608522073,0.9327705810546395,0.37682213677355597,0.1075,0
0,150,pill,pill,0.7362247681396619,0.9428267337963998,0.9292380103669039,0.34094086542907126,0.1138,0
0,160,pill,pill,0.7515002727768686,0.9488057217792721,0.9233659178569037,0.33569841078460383,0.1053,0
0,170,pill,pill,0.7495908346972177,0.9497499831811853,0.9085854794556139,0.2778117260504853,0.1071,0
0,180,pill,pill,0.7531369339879977,0.9500838299406675,0.9257815114685303,0.3735044517750387,0.1203,0
0,190,pill,pill,0.7553191489361702,0.9484931993375221,0.9239253492970904,0.36406599337886747,0.1048,0
0,200,pill,pill,0.7531369339879977,0.9475533151378893,0.9358532243318654,0.41298513404796916,0.1188,0
0,210,pill,pill,0.7591380250954719,0.9491309667991055,0.9267043238742733,0.38112953453484094,0.1237,0
0,220,pill,pill,0.7618657937806874,0.9480611752079844,0.9272753102214603,0.3943002824400101,0.102,0
0,230,pill,pill,0.7765957446808511,0.9523476026120374,0.9260345623943085,0.3783422393010211,0.1053,0
0,240,pill,pill,0.7517730496453902,0.9458461203610824,0.9261212798024663,0.3904132055001718,0.1059,0
0,250,pill,pill,0.762684124386252,0.9498984168895208,0.9303132083704369,0.40431273106663806,0.1069,0
0,260,pill,pill,0.7746863066012003,0.9503847220158603,0.9263193151012294,0.3867348983846686,0.1262,0
0,266,pill,pill,0.7667757774140752,0.9501841247250072,0.9301065310365367,0.4222445202138265,0.0773,0
0,0,grid,pill,0.7769423558897244,0.8738304831360626,0.32493041942761086,0.004921628989214789,0,1
0,0,carpet,pill,0.6223916532905297,0.8700541015843076,0.7245729405190814,0.06098428279710269,0,1
0,0,cable,pill,0.49119190404797597,0.6304762316069206,0.6364507326088916,0.06341927104633867,0,1
0,0,zipper,pill,0.4519432773109244,0.8064945717975496,0.8063735543411258,0.10599729041574178,0,1
0,0,wood,pill,0.9508771929824561,0.9842938249027401,0.760415056774974,0.16216077124525735,0,1
0,0,tile,pill,0.7918470418470418,0.9178324730387851,0.5779308767791359,0.10388527979850669,0,1
0,0,metal_nut,pill,0.4149560117302053,0.7518884050668166,0.760935851313249,0.227767749993522,0,1
0,0,transistor,pill,0.4041666666666667,0.390407418953281,0.5488244932001403,0.06064569912423032,0,1
0,0,bottle,pill,0.42777777777777776,0.7548999869233766,0.5548532118222563,0.07183021748070025,0,1
0,0,leather,pill,0.5533288043478262,0.8047653478415272,0.7785497861012034,0.04412382827301678,0,1
0,0,pill,pill,0.7667757774140752,0.9501841247250072,0.9301065310365367,0.4222445202138265,0,1
0,0,hazelnut,pill,0.8207142857142857,0.876880825662014,0.9491452011566529,0.3865978043280697,0,1
0,0,hazelnut,hazelnut,0.8707142857142858,0.9216545601146786,0.9599508617597174,0.4444651793868141,0.2728,0
0,10,hazelnut,hazelnut,0.9810714285714286,0.9903142210810938,0.9728723939073162,0.513712315037199,0.163,0
0,20,hazelnut,hazelnut,0.9760714285714286,0.9880750469560224,0.9718952182042486,0.512010860852738,0.1235,0
0,30,hazelnut,hazelnut,0.9882142857142857,0.993945458665954,0.9749169588699325,0.5219310449400048,0.125,0
0,40,hazelnut,hazelnut,0.9807142857142858,0.9882575432046135,0.9729551985874038,0.5204988559465231,0.1208,0
0,50,hazelnut,hazelnut,0.9946428571428572,0.9972826522128937,0.9760918113116511,0.5227846811665329,0.1232,0
0,60,hazelnut,hazelnut,0.9892857142857144,0.9950984954813722,0.9775236307175972,0.5332807419354544,0.1278,0
0,70,hazelnut,hazelnut,0.9821428571428572,0.990745836834499,0.9723442684912642,0.5063323840919064,0.1559,0
0,80,hazelnut,hazelnut,0.9921428571428572,0.9962447186804044,0.9769430945049895,0.533254681047651,0.1289,0
0,90,hazelnut,hazelnut,0.9871428571428572,0.9935441512752641,0.9746851989076479,0.5223973401505589,0.1278,0
0,100,hazelnut,hazelnut,0.9867857142857144,0.9929599514767526,0.9753407906349868,0.5214819418752908,0.1387,0
0,110,hazelnut,hazelnut,0.99,0.9953221842943734,0.9762617655641374,0.5349387190202296,0.1232,0
0,120,hazelnut,hazelnut,0.985,0.9925203996233607,0.976115825558684,0.5318667437209437,0.1226,0
0,130,hazelnut,hazelnut,0.9810714285714287,0.9873610630986029,0.9763608170977602,0.5324025102112437,0.2174,0
0,140,hazelnut,hazelnut,0.9928571428571429,0.9965010561438219,0.9765170854456399,0.5307752074303114,0.123,0
0,150,hazelnut,hazelnut,0.9939285714285715,0.9969908539707575,0.9773414434585461,0.5374642588326333,0.1376,0
0,160,hazelnut,hazelnut,0.9925000000000002,0.9964472779649878,0.9766972510952835,0.5375099794844994,0.1232,0
0,170,hazelnut,hazelnut,0.9946428571428572,0.9974639855942373,0.9771175663690955,0.5434070649162324,0.1236,0
0,180,hazelnut,hazelnut,0.9928571428571429,0.9961143178466725,0.9766189428691249,0.5411474859135065,0.1241,0
0,190,hazelnut,hazelnut,0.9939285714285715,0.9967676181234661,0.9770030723497442,0.5375866131389095,0.122,0
0,200,hazelnut,hazelnut,0.9946428571428572,0.9972707287790348,0.9781380414571244,0.5468310685258445,0.1217,0
0,210,hazelnut,hazelnut,0.9957142857142858,0.9977363069615008,0.9762382176299339,0.5355938956906361,0.1232,0
0,220,hazelnut,hazelnut,0.9928571428571429,0.9962436278511293,0.9777574776616736,0.5385211248723857,0.1216,0
0,230,hazelnut,hazelnut,0.9953571428571429,0.9977488350615,0.9780158646981745,0.5456141213952639,0.1198,0
0,240,hazelnut,hazelnut,0.9932142857142857,0.9963140462377227,0.9783006421013904,0.5451019768369546,0.1349,0
0,250,hazelnut,hazelnut,0.9978571428571428,0.998864661654135,0.9782340767986636,0.5461201057926427,0.1329,0
0,260,hazelnut,hazelnut,0.9935714285714285,0.9969867486759703,0.9774256283469698,0.5426617365743148,0.17,0
0,270,hazelnut,hazelnut,0.9907142857142859,0.9950011120978037,0.9770467096878936,0.5415382639312851,0.1721,0
0,280,hazelnut,hazelnut,0.9946428571428572,0.997081859574311,0.9772389194956886,0.5440607940741141,0.1805,0
0,290,hazelnut,hazelnut,0.9960714285714286,0.9980478395061725,0.9778236775564152,0.545312566145023,0.1693,0
0,300,hazelnut,hazelnut,0.9925,0.9960150417930502,0.9762508757929651,0.5363398594350697,0.1361,0
0,310,hazelnut,hazelnut,0.995,0.9973623748132914,0.9774404843419932,0.5382944391686685,0.1611,0
0,320,hazelnut,hazelnut,0.995,0.997604704532415,0.9778080469348039,0.545395528212828,0.2231,0
0,330,hazelnut,hazelnut,0.9924999999999999,0.9958455992079325,0.9775612851122691,0.544627859550055,0.1695,0
0,340,hazelnut,hazelnut,0.9914285714285713,0.995322646892282,0.9781047413626377,0.5423097924829143,0.121,0
0,350,hazelnut,hazelnut,0.9964285714285714,0.9982029837251354,0.977512989883391,0.5456825380997995,0.1192,0
0,360,hazelnut,hazelnut,0.9964285714285714,0.9982029837251354,0.9773104780867835,0.5366497594575709,0.1235,0
0,370,hazelnut,hazelnut,0.9953571428571429,0.9977488350615,0.977447230834673,0.53765139338074,0.1184,0
0,380,hazelnut,hazelnut,0.9978571428571428,0.998864661654135,0.9775066432677578,0.5417765604165011,0.1195,0
0,390,hazelnut,hazelnut,0.9967857142857144,0.9983197237545061,0.9766618622068326,0.5369116695531735,0.0757,0
0,0,grid,hazelnut,0.7894736842105263,0.8989312764523159,0.3706944660248388,0.005825940783363532,0,1
0,0,carpet,hazelnut,0.8226324237560193,0.9477170286295182,0.8434842188681811,0.17295724216235087,0,1
0,0,cable,hazelnut,0.6071964017991005,0.7321910617356607,0.6381886619340824,0.06647737410138094,0,1
0,0,zipper,hazelnut,0.49264705882352944,0.8464651684992126,0.8170382240958471,0.10494024746491964,0,1
0,0,wood,hazelnut,0.9552631578947368,0.9850864047432556,0.7183426868843446,0.15284092569582242,0,1
0,0,tile,hazelnut,0.796897546897547,0.9276674312771531,0.5949873995825614,0.12918767022597102,0,1
0,0,metal_nut,hazelnut,0.5,0.7965014491865011,0.7561845876656552,0.2301896444889301,0,1
0,0,transistor,hazelnut,0.3375,0.3051801730737348,0.4886283250219606,0.04915098384536202,0,1
0,0,bottle,hazelnut,0.6515873015873016,0.8609580290316325,0.5740981743919714,0.08279403820377579,0,1
0,0,leather,hazelnut,0.6922554347826088,0.8870721378975578,0.7733199092648781,0.11219196669704752,0,1
0,0,pill,hazelnut,0.6554828150572831,0.9207345557530238,0.7999931474294248,0.0832129088565653,0,1
0,0,hazelnut,hazelnut,0.9967857142857144,0.9983197237545061,0.9766618622068326,0.5369116695531735,0,1
0,0,toothbrush,hazelnut,0.4777777777777778,0.7103156518205752,0.8705669373556432,0.07288218170244631,0,1
0,0,toothbrush,toothbrush,0.45833333333333337,0.7044766873845615,0.8692119694955995,0.07057719495490396,0.2387,0
0,10,toothbrush,toothbrush,0.8055555555555555,0.9229401141554187,0.9641935798513956,0.3192511338118327,0.119,0
0,20,toothbrush,toothbrush,0.8972222222222224,0.9635685554446584,0.9827119407960396,0.46595387203950595,0.118,0
0,30,toothbrush,toothbrush,0.8944444444444445,0.9617558589698674,0.9853808678081434,0.49178227237826044,0.1242,0
0,40,toothbrush,toothbrush,0.9055555555555556,0.9643542871132049,0.9863640319730175,0.5028274364257967,0.1191,0
0,50,toothbrush,toothbrush,0.8916666666666667,0.9617507892896994,0.9865614210783914,0.509322317769699,0.1165,0
0,59,toothbrush,toothbrush,0.8916666666666667,0.9575185842577169,0.9857922751054409,0.49738118263065917,0.076,0
0,0,grid,toothbrush,0.6257309941520468,0.7788135697442554,0.3219171312179976,0.004831367409707848,0,1
0,0,carpet,toothbrush,0.4875601926163724,0.7867597882891434,0.7771366493093315,0.036488859959138586,0,1
0,0,cable,toothbrush,0.5455397301349325,0.7202001863864848,0.699483950144387,0.08874439907636811,0,1
0,0,zipper,toothbrush,0.41439075630252103,0.7751209514889785,0.7909618280638194,0.05425673389839914,0,1
0,0,wood,toothbrush,0.8385964912280701,0.9372901263019556,0.7425284204668703,0.09521808293782034,0,1
0,0,tile,toothbrush,0.6854256854256854,0.8752829131236476,0.6323220444120231,0.11283140036248224,0,1
0,0,metal_nut,toothbrush,0.6119257086999021,0.8595587405779247,0.7668498414582005,0.2556650914165868,0,1
0,0,transistor,toothbrush,0.5058333333333334,0.5147126565639902,0.5724987058419703,0.06316922080431164,0,1
0,0,bottle,toothbrush,0.4277777777777778,0.7626391035173647,0.6090219831771075,0.08075955958355603,0,1
0,0,leather,toothbrush,0.37533967391304346,0.6875065535822293,0.7644014274585728,0.014042246894603157,0,1
0,0,pill,toothbrush,0.610747408619749,0.9031950958562049,0.7230299896671983,0.06030143305300975,0,1
0,0,hazelnut,toothbrush,0.9203571428571429,0.958889425320937,0.9366690012727485,0.3208622298110826,0,1
0,0,toothbrush,toothbrush,0.8916666666666667,0.9575185842577169,0.9857922751054409,0.49738118263065917,0,1
0,0,capsule,toothbrush,0.4858396489828481,0.8326595315087518,0.9085247178493627,0.07113189393064914,0,1
0,0,capsule,capsule,0.512564818508177,0.8356421484559684,0.9140029276823061,0.06988362321352865,0.2628,0
0,10,capsule,capsule,0.49142401276426007,0.8225524253570755,0.9383531317711353,0.10512553236715742,0.1166,0
0,20,capsule,capsule,0.597526924611089,0.8848247227324957,0.9443648779530701,0.14648266374573632,0.1167,0
0,30,capsule,capsule,0.6043079377742322,0.8860541291774396,0.9467308784193762,0.1536879725989364,0.1222,0
0,40,capsule,capsule,0.5867570801755086,0.8870057978928504,0.9484343240251012,0.15596744104867855,0.1181,0
0,50,capsule,capsule,0.6246509772636617,0.8940616366336164,0.9504200560607287,0.16745877203772164,0.1226,0
0,60,capsule,capsule,0.6402074192261669,0.8963759433367048,0.9527493384222333,0.173205621801619,0.1185,0
0,70,capsule,capsule,0.6174710809732749,0.8906956696296643,0.9538970196241636,0.1739068148864906,0.1168,0
0,80,capsule,capsule,0.631431990426805,0.8941358372681725,0.9554841891332693,0.1849382997964759,0.1161,0
0,90,capsule,capsule,0.6067012365376945,0.8860294486513693,0.9580507270027813,0.1911621320363294,0.1214,0
0,100,capsule,capsule,0.6358197048264858,0.8929606189091492,0.9593413747505305,0.19006985417914318,0.1185,0
0,110,capsule,capsule,0.6027124052652573,0.8852999237269362,0.9590879215184045,0.19499033151192988,0.1214,0
0,120,capsule,capsule,0.5727961707219785,0.8695319122249228,0.9600517758579025,0.18654257034394756,0.1168,0
0,130,capsule,capsule,0.6027124052652573,0.8815322485544758,0.9630054436016912,0.2121817246774289,0.1151,0
0,140,capsule,capsule,0.6051057040287195,0.8799173197065463,0.9630093003186331,0.203785083830887,0.1193,0
0,150,capsule,capsule,0.5951336258476267,0.8701058415910596,0.9645853876110996,0.19878295993036316,0.1216,0
0,160,capsule,capsule,0.5983246908655764,0.8777994977122484,0.964841778658847,0.21784297083241214,0.1188,0
0,170,capsule,capsule,0.6086956521739131,0.8870021452254699,0.967154759006731,0.2408941339933591,0.1192,0
0,180,capsule,capsule,0.6051057040287197,0.8846356498552195,0.9676482509677051,0.2440249415133983,0.1247,0
0,190,capsule,capsule,0.5883526126844835,0.8776112366040956,0.9670050814597433,0.22219180623204815,0.118,0
0,200,capsule,capsule,0.6118867171918629,0.8832213427063378,0.9677078854733163,0.22580021418355473,0.1163,0
0,210,capsule,capsule,0.6090945353011568,0.8834122994222637,0.9684095600472191,0.24112607515577383,0.1174,0
0,218,capsule,capsule,0.6023135221380136,0.8805261428849843,0.968077185350074,0.23018002761328327,0.0761,0
0,0,grid,capsule,0.6608187134502923,0.8090650496800498,0.35582961167014127,0.00508384838027834,0,1
0,0,carpet,capsule,0.45746388443017655,0.7886796763756803,0.7298762725543364,0.03665478577245327,0,1
0,0,cable,capsule,0.5031859070464768,0.6191048471436325,0.620996346268398,0.0528743270273221,0,1
0,0,zipper,capsule,0.6328781512605042,0.8772939116866137,0.7755871323247246,0.06992217658933407,0,1
0,0,wood,capsule,0.892982456140351,0.961227491722285,0.7784953589974277,0.1698413328253382,0,1
0,0,tile,capsule,0.7276334776334777,0.8930068932678275,0.5895271354629038,0.10212105438226904,0,1
0,0,metal_nut,capsule,0.5694037145650048,0.8272273998596364,0.7429401516756542,0.22198275853403332,0,1
0,0,transistor,capsule,0.35291666666666666,0.3502627877106845,0.5099567307006576,0.05631976563428655,0,1
0,0,bottle,capsule,0.5753968253968254,0.8406574435617704,0.6758773436983118,0.12765540302427358,0,1
0,0,leather,capsule,0.40421195652173914,0.7253904269247634,0.7453201026698186,0.022129310735508088,0,1
0,0,pill,capsule,0.6519367157665029,0.9134252810829806,0.8552812234070845,0.16336666338533365,0,1
0,0,hazelnut,capsule,0.9367857142857143,0.9545257551537698,0.960694323545272,0.49626548882545957,0,1
0,0,toothbrush,capsule,0.7083333333333334,0.8862873686511028,0.8989251678192092,0.1841035999983376,0,1
0,0,capsule,capsule,0.6023135221380136,0.8805261428849843,0.968077185350074,0.23018002761328327,0,1
0,0,screw,capsule,0.5304365648698504,0.7781057614134252,0.9211871804775436,0.019549401272047216,0,1
0,0,screw,screw,0.5622053699528592,0.8028173906348699,0.9280527757145415,0.01939049062284037,0.2413,0
0,10,screw,screw,0.569583931133429,0.7732022663490516,0.9335764502969041,0.020504670084083014,0.0997,0
0,20,screw,screw,0.5568764091002255,0.7776340703039712,0.934695101582484,0.024493711640819312,0.0985,0
0,30,screw,screw,0.5917196146751383,0.7978334372993215,0.9312170893788072,0.026141868682617357,0.0966,0
0,40,screw,screw,0.6019676163148188,0.792990400448311,0.9301218037715636,0.022309538677419114,0.0969,0
0,50,screw,screw,0.556056568969051,0.7602044633653189,0.9310601922336109,0.021727722879326887,0.0964,0
0,60,screw,screw,0.4988727198196351,0.7593383664092048,0.928087734095717,0.021758714902246148,0.0971,0
0,70,screw,screw,0.5085058413609347,0.7228686366329652,0.9290493565270752,0.021182805777952434,0.0957,0
0,80,screw,screw,0.5445788071326091,0.774886681821451,0.9311983592691723,0.02140555671850646,0.0949,0
0,90,screw,screw,0.5363804058208649,0.7743422964807968,0.9295545507726801,0.019615615063867168,0.0994,0
0,100,screw,screw,0.548268087722894,0.742661485918485,0.9304081174680949,0.021957602444245095,0.097,0
0,110,screw,screw,0.6165197786431647,0.8280283134589014,0.9299455223313224,0.02570640141883175,0.0955,0
0,120,screw,screw,0.5126050420168067,0.7582481672987815,0.9227347528504241,0.018607559074512798,0.0941,0
0,130,screw,screw,0.5064562410329986,0.728635564752501,0.9255649566517303,0.02062123693623069,0.0959,0
0,140,screw,screw,0.5511375281820046,0.7722723220864973,0.92855129124409,0.02440557704481651,0.0986,0
0,150,screw,screw,0.5781922525107605,0.7925453086833861,0.9291647957111533,0.02186622268323342,0.0972,0
0,160,screw,screw,0.5933592949374873,0.7889384029013651,0.9276578220208305,0.020570952004249996,0.098,0
0,170,screw,screw,0.5152695224431236,0.7693235042589099,0.932466279270067,0.0202762213051156,0.0963,0
0,180,screw,screw,0.5150645624103299,0.7736481103207199,0.9319280792932224,0.022539899837174034,0.0961,0
0,190,screw,screw,0.5857757737241238,0.7920863354320595,0.9324167454531489,0.02365329706869265,0.098,0
0,200,screw,screw,0.536380405820865,0.7665640035312533,0.9321648128645341,0.02240286709113148,0.0973,0
0,210,screw,screw,0.5767575322812051,0.8044766313062587,0.9291448761003134,0.020414123753258878,0.1016,0
0,220,screw,screw,0.5853658536585367,0.7867264757496197,0.9333661634983168,0.024596850685693877,0.097,0
0,230,screw,screw,0.5124000819840131,0.7594828564481405,0.9313534085130649,0.020127617884840496,0.0992,0
0,240,screw,screw,0.5941791350686616,0.7898925621730355,0.9310389193909689,0.02310851996481502,0.0985,0
0,250,screw,screw,0.48411559745849564,0.7402973312014811,0.9328583259472852,0.022458080692862165,0.101,0
0,260,screw,screw,0.5421192867390858,0.7922489876560035,0.9327131781054788,0.02170313428591694,0.0998,0
0,270,screw,screw,0.5798319327731093,0.7722255494628986,0.9313932022107778,0.025306523754202302,0.0973,0
0,280,screw,screw,0.5622053699528593,0.7854057360161024,0.9342658740245603,0.02466300606456224,0.0963,0
0,290,screw,screw,0.5591309694609552,0.7750553307265273,0.935357489321552,0.023891524831392754,0.0997,0
0,300,screw,screw,0.5132199221151875,0.7755487007487167,0.933981000256927,0.022837203311171665,0.095,0
0,310,screw,screw,0.468333674933388,0.7209391104750414,0.930684828964009,0.022047497408707723,0.0955,0
0,319,screw,screw,0.504611600737856,0.7658314395077876,0.9361967400894408,0.02450178239060348,0.0725,0
0,0,grid,screw,0.7794486215538847,0.8615571382759885,0.3752882813585515,0.005337621742962714,0,1
0,0,carpet,screw,0.953852327447833,0.9873431701089435,0.9508691398104362,0.3660903254052393,0,1
0,0,cable,screw,0.4981259370314843,0.6409769022276026,0.739286263752615,0.057737965193342594,0,1
0,0,zipper,screw,0.3642331932773109,0.7818406208729748,0.8388432412691305,0.08282461875921096,0,1
0,0,wood,screw,0.993859649122807,0.9981930616464517,0.8995269698279305,0.3258174921599849,0,1
0,0,tile,screw,0.8982683982683983,0.9595202589751572,0.7659652282989072,0.28400374132193784,0,1
0,0,metal_nut,screw,0.5669599217986314,0.8613926009039155,0.7484587057094305,0.21479897353721866,0,1
0,0,transistor,screw,0.34500000000000003,0.31855079921819945,0.614547733277755,0.07555229697300235,0,1
0,0,bottle,screw,0.5492063492063493,0.8248310045513794,0.7000305332842193,0.12393093367683332,0,1
0,0,leather,screw,0.9612771739130435,0.9880458221498161,0.9343256033324445,0.24244653249593878,0,1
0,0,pill,screw,0.6159301691216585,0.9108981919698088,0.8187180353638537,0.11101817561346862,0,1
0,0,hazelnut,screw,0.9485714285714286,0.9704823985553521,0.9665469912713375,0.42174475643306913,0,1
0,0,toothbrush,screw,0.7694444444444445,0.8958581732550861,0.8979854147484817,0.08127884623604906,0,1
0,0,capsule,screw,0.4264060630235341,0.8163723390274746,0.926796165628587,0.07945466480580142,0,1
0,0,screw,screw,0.504611600737856,0.7658314395077876,0.9361967400894408,0.02450178239060348,0,1
